<?xml version="1.0" encoding="UTF-8"?>
<project version="4">
  <component name="AutoImportSettings">
    <option name="autoReloadType" value="SELECTIVE" />
  </component>
  <component name="ChangeListManager">
    <list default="true" id="d28698c5-29e3-4919-af0a-e3ce48220aef" name="Changes" comment="git config --global core.autocrlf true" />
    <option name="SHOW_DIALOG" value="false" />
    <option name="HIGHLIGHT_CONFLICTS" value="true" />
    <option name="HIGHLIGHT_NON_ACTIVE_CHANGELIST" value="false" />
    <option name="LAST_RESOLUTION" value="IGNORE" />
  </component>
  <component name="FileTemplateManagerImpl">
    <option name="RECENT_TEMPLATES">
      <list>
        <option value="Python Script" />
      </list>
    </option>
  </component>
  <component name="Git.Settings">
    <option name="RECENT_GIT_ROOT_PATH" value="$PROJECT_DIR$" />
  </component>
  <component name="ProjectColorInfo"><![CDATA[{
  "associatedIndex": 1
}]]></component>
  <component name="ProjectId" id="2l36NYX8vkUxQHoTcYLRA9pZ8Gd" />
  <component name="ProjectLevelVcsManager" settingsEditedManually="true" />
  <component name="ProjectViewState">
    <option name="hideEmptyMiddlePackages" value="true" />
    <option name="showLibraryContents" value="true" />
  </component>
  <component name="PropertiesComponent"><![CDATA[{
  "keyToString": {
    "Python.Hand-Gesture-Recognition-On-Virtual-Keyboard.executor": "Run",
    "RunOnceActivity.ShowReadmeOnStart": "true",
    "git-widget-placeholder": "master",
    "node.js.detected.package.eslint": "true",
    "node.js.detected.package.tslint": "true",
    "node.js.selected.package.eslint": "(autodetect)",
    "node.js.selected.package.tslint": "(autodetect)",
    "nodejs_package_manager_path": "npm",
    "settings.editor.selected.configurable": "com.jetbrains.python.configuration.PyActiveSdkModuleConfigurable",
    "vue.rearranger.settings.migration": "true"
  }
}]]></component>
  <component name="SharedIndexes">
    <attachedChunks>
      <set>
        <option value="bundled-js-predefined-d6986cc7102b-410509235cf1-JavaScript-PY-242.20224.347" />
        <option value="bundled-python-sdk-c2d6afa66fbe-39cff9de6eef-com.jetbrains.pycharm.pro.sharedIndexes.bundled-PY-242.20224.347" />
      </set>
    </attachedChunks>
  </component>
  <component name="SpellCheckerSettings" RuntimeDictionaries="0" Folders="0" CustomDictionaries="0" DefaultDictionary="application-level" UseSingleDictionary="true" transferred="true" />
  <component name="TaskManager">
    <task active="true" id="Default" summary="Default task">
      <changelist id="d28698c5-29e3-4919-af0a-e3ce48220aef" name="Changes" comment="" />
      <created>1724396373879</created>
      <option name="number" value="Default" />
      <option name="presentableId" value="Default" />
      <updated>1724396373879</updated>
      <workItem from="1724396376661" duration="1556000" />
    </task>
    <task id="LOCAL-00001" summary="git config --global core.autocrlf true">
      <option name="closed" value="true" />
      <created>1724397328411</created>
      <option name="number" value="00001" />
      <option name="presentableId" value="LOCAL-00001" />
      <option name="project" value="LOCAL" />
      <updated>1724397328411</updated>
    </task>
    <task id="LOCAL-00002" summary="git config --global core.autocrlf true">
      <option name="closed" value="true" />
      <created>1724397474860</created>
      <option name="number" value="00002" />
      <option name="presentableId" value="LOCAL-00002" />
      <option name="project" value="LOCAL" />
      <updated>1724397474860</updated>
    </task>
    <option name="localTasksCounter" value="3" />
    <servers />
  </component>
  <component name="TypeScriptGeneratedFilesManager">
    <option name="version" value="3" />
  </component>
  <component name="VcsManagerConfiguration">
    <MESSAGE value="git commit --amend" />
    <MESSAGE value="git config --global core.autocrlf true" />
    <option name="LAST_COMMIT_MESSAGE" value="git config --global core.autocrlf true" />
  </component>
  <component name="com.intellij.coverage.CoverageDataManagerImpl">
    <SUITE FILE_PATH="coverage/Hand_Gesture_Recognition_On_Virtual_Keyboard_py$Hand_Gesture_Recognition_On_Virtual_Keyboard.coverage" NAME="Hand-Gesture-Recognition-On-Virtual-Keyboard Coverage Results" MODIFIED="1724396847612" SOURCE_PROVIDER="com.intellij.coverage.DefaultCoverageFileProvider" RUNNER="coverage.py" COVERAGE_BY_TEST_ENABLED="false" COVERAGE_TRACING_ENABLED="false" WORKING_DIRECTORY="$PROJECT_DIR$" />
  </component>
</project>